email,gender
cdoers0@google.cn,Non-binary
cdinapoli1@google.it,Female
mpennington2@imdb.com,Polygender
abullene3@cafepress.com,Polygender
mdorro4@cdc.gov,Female
himos5@scientificamerican.com,Male
eoshaughnessy6@prnewswire.com,Bigender
ssleith7@surveymonkey.com,Bigender
iwillingam8@is.gd,Male
rlawford9@arizona.edu,Male
lkidda@delicious.com,Female
bsalasarb@nifty.com,Agender
gdriuzzic@washington.edu,Bigender
rhughesd@wordpress.com,Genderfluid
vfishleighe@skype.com,Genderfluid
cbrotherheadf@comsenz.com,Polygender
rissong@odnoklassniki.ru,Male
hpurseyh@icq.com,Agender
hmilstedi@scribd.com,Male
ygaunsonj@walmart.com,Genderfluid
ttanseyk@java.com,Agender
svandervliesl@usatoday.com,Female
fbeveredgem@whitehouse.gov,Genderqueer
rflawithn@blogspot.com,Genderqueer
asteuarto@forbes.com,Genderqueer
amaffuccip@blogspot.com,Agender
mbulgenq@ebay.co.uk,Agender
pedesr@myspace.com,Male
tcossanss@mashable.com,Agender
idingleyt@ning.com,Genderqueer
ssandsallanu@github.io,Female
esantosv@mit.edu,Non-binary
dtrusteyw@google.cn,Genderfluid
dgandeyx@hhs.gov,Genderqueer
civankovy@amazon.de,Polygender
pdilgerz@thetimes.co.uk,Polygender
bretchford10@adobe.com,Genderfluid
ebertholin11@cam.ac.uk,Polygender
skillelay12@upenn.edu,Non-binary
acosford13@army.mil,Agender
bmerrington14@ameblo.jp,Female
mhunnicot15@ucla.edu,Agender
klancastle16@state.gov,Agender
chughs17@accuweather.com,Male
egotter18@cdbaby.com,Polygender
mfarrant19@blog.com,Genderqueer
tcurnnok1a@diigo.com,Non-binary
nbirdwistle1b@unicef.org,Genderqueer
srohlf1c@dailymail.co.uk,Bigender
rkob1d@angelfire.com,Genderqueer
leberts1e@google.com,Genderfluid
bseckom1f@ted.com,Genderfluid
stooker1g@gravatar.com,Male
rshirtcliffe1h@de.vu,Non-binary
sshafier1i@barnesandnoble.com,Genderqueer
jduckitt1j@flavors.me,Agender
fcircuit1k@nymag.com,Bigender
kkegley1l@vinaora.com,Agender
sriggey1m@comsenz.com,Female
nterbruggen1n@google.co.jp,Genderqueer
pheeks1o@chicagotribune.com,Non-binary
eshephard1p@gnu.org,Female
gcolclough1q@hao123.com,Genderfluid
wsawter1r@answers.com,Genderqueer
obowich1s@bloglovin.com,Bigender
gragsdall1t@sbwire.com,Non-binary
dblance1u@admin.ch,Bigender
dbrindley1v@ibm.com,Agender
abraidon1w@cam.ac.uk,Female
bfoss1x@nature.com,Genderqueer
flindwall1y@dedecms.com,Bigender
rmurr1z@twitter.com,Genderfluid
sblatherwick20@indiatimes.com,Polygender
egummary21@businesswire.com,Female
alarive22@51.la,Polygender
cchancelier23@e-recht24.de,Male
jsheering24@topsy.com,Non-binary
droser25@gmpg.org,Non-binary
ghegges26@shop-pro.jp,Female
ihatley27@yolasite.com,Male
anelle28@youtu.be,Genderfluid
jmalecky29@github.io,Non-binary
hmatkin2a@umich.edu,Genderqueer
hgheorghe2b@bing.com,Bigender
agoodbourn2c@irs.gov,Agender
gdalziel2d@cyberchimps.com,Male
kfearnsides2e@squarespace.com,Genderfluid
jnorthill2f@canalblog.com,Non-binary
gletford2g@disqus.com,Polygender
gtelfer2h@yandex.ru,Polygender
cgratton2i@rambler.ru,Genderfluid
lhintzer2j@ehow.com,Female
jmocker2k@salon.com,Bigender
erozet2l@japanpost.jp,Agender
sashfield2m@go.com,Female
nmannock2n@naver.com,Male
keatttok2o@4shared.com,Bigender
dorteaux2p@acquirethisname.com,Genderqueer
xsirman2q@ft.com,Genderqueer
klandreth2r@netlog.com,Bigender
lcroose2s@example.com,Agender
econstantinou2t@list-manage.com,Agender
kgoalley2u@scientificamerican.com,Genderfluid
sdives2v@archive.org,Genderqueer
ecottie2w@bluehost.com,Bigender
nlengthorn2x@tripadvisor.com,Non-binary
cvane2y@nytimes.com,Genderfluid
whews2z@booking.com,Female
cbigrigg30@who.int,Genderfluid
eskouling31@newsvine.com,Bigender
ajellard32@addtoany.com,Male
jcornelleau33@scientificamerican.com,Genderqueer
dbrun34@nymag.com,Genderqueer
nsaffell35@salon.com,Genderqueer
acleatherow36@earthlink.net,Non-binary
aferraraccio37@baidu.com,Polygender
eskamell38@amazon.com,Genderfluid
belwel39@umn.edu,Male
mdoswell3a@ycombinator.com,Non-binary
dcroisdall3b@bloomberg.com,Genderfluid
fkline3c@miibeian.gov.cn,Polygender
fteligin3d@usa.gov,Non-binary
dtale3e@chronoengine.com,Male
mgrinham3f@elegantthemes.com,Genderqueer
echelnam3g@guardian.co.uk,Female
mgordongiles3h@weibo.com,Non-binary
rattwool3i@google.de,Bigender
ksyme3j@qq.com,Agender
hhandscombe3k@prweb.com,Agender
xpankettman3l@webnode.com,Bigender
lnason3m@smh.com.au,Bigender
croake3n@nymag.com,Genderqueer
dsavil3o@free.fr,Non-binary
nthaxter3p@creativecommons.org,Agender
zacres3q@multiply.com,Bigender
ryarnold3r@arstechnica.com,Male
omacdonell3s@is.gd,Male
eharrop3t@economist.com,Male
awhitfield3u@bbb.org,Non-binary
wianni3v@home.pl,Genderqueer
cbarttrum3w@about.com,Genderfluid
dcourtier3x@washingtonpost.com,Female
gdamrell3y@usgs.gov,Bigender
ayoodall3z@shinystat.com,Male
jbassil40@wsj.com,Non-binary
ebonafacino41@vkontakte.ru,Male
yfurlow42@google.ca,Male
mcapstake43@clickbank.net,Bigender
criguard44@businessweek.com,Polygender
frubertelli45@accuweather.com,Genderqueer
jfursland46@nbcnews.com,Genderqueer
cproudlove47@mysql.com,Female
lwalkey48@hud.gov,Polygender
klemmens49@nbcnews.com,Bigender
bbeck4a@amazon.com,Male
schasemoore4b@amazon.com,Polygender
gmoncrieffe4c@ifeng.com,Non-binary
nharkes4d@live.com,Genderqueer
ghambatch4e@flavors.me,Bigender
mchastan4f@economist.com,Genderqueer
rhallahan4g@auda.org.au,Bigender
ayounge4h@prnewswire.com,Polygender
tcalam4i@ebay.com,Agender
lmingaye4j@hubpages.com,Polygender
tpratton4k@bbc.co.uk,Female
mdoyle4l@ox.ac.uk,Genderfluid
fdunster4m@list-manage.com,Agender
rvero4n@t.co,Genderfluid
vpauling4o@chronoengine.com,Male
ldixsee4p@com.com,Female
rdinkin4q@fc2.com,Genderqueer
dhoneyghan4r@narod.ru,Female
gbrisse4s@ft.com,Bigender
cgovan4t@quantcast.com,Polygender
ashellcross4u@sourceforge.net,Male
dwoodruffe4v@miibeian.gov.cn,Polygender
mrice4w@opera.com,Genderqueer
limpy4x@t.co,Polygender
jcrippin4y@ezinearticles.com,Female
dfilippucci4z@cnet.com,Polygender
wsaxon50@statcounter.com,Non-binary
icasely51@paypal.com,Non-binary
kcoulsen52@github.io,Male
ecarlino53@cloudflare.com,Polygender
ocalafato54@friendfeed.com,Female
nhoffman55@cbslocal.com,Polygender
iaudrey56@domainmarket.com,Polygender
hbygott57@howstuffworks.com,Genderfluid
ebreawood58@naver.com,Genderqueer
tcapps59@rakuten.co.jp,Genderfluid
atague5a@etsy.com,Genderfluid
jhaggerwood5b@netvibes.com,Genderqueer
cjanus5c@cnn.com,Female
gmullis5d@yelp.com,Genderqueer
lmedmore5e@wikispaces.com,Agender
jleys5f@homestead.com,Female
pcopeland5g@cdbaby.com,Bigender
beverly5h@sun.com,Bigender
teagger5i@slideshare.net,Bigender
oshirt5j@aboutads.info,Agender
aashpital5k@cnet.com,Agender
lallchorn5l@fotki.com,Bigender
nlefeuvre5m@bluehost.com,Polygender
cbaptiste5n@imdb.com,Bigender
ghenner5o@smugmug.com,Non-binary
eflaws5p@instagram.com,Genderfluid
gmalafe5q@naver.com,Agender
dhouson5r@salon.com,Polygender
dluckhurst5s@csmonitor.com,Polygender
bslogrove5t@dion.ne.jp,Genderfluid
rharral5u@naver.com,Male
ckyllford5v@rakuten.co.jp,Bigender
rlamey5w@senate.gov,Agender
wespinoy5x@imdb.com,Genderfluid
ckevern5y@mac.com,Agender
acreed5z@yahoo.co.jp,Female
dweatherburn60@cafepress.com,Genderqueer
khasnney61@shareasale.com,Genderfluid
hcovolini62@admin.ch,Genderfluid
ksherrell63@miibeian.gov.cn,Female
oshovelin64@dion.ne.jp,Female
aspelling65@theatlantic.com,Male
obarukh66@facebook.com,Bigender
mmcmackin67@myspace.com,Genderqueer
mgentile68@spiegel.de,Genderqueer
sgrimmett69@yale.edu,Bigender
ericcard6a@wunderground.com,Female
rcowling6b@wisc.edu,Bigender
mbartolijn6c@wiley.com,Genderqueer
tlongo6d@mozilla.com,Genderqueer
mhastewell6e@yolasite.com,Female
sborges6f@smugmug.com,Male
nlegister6g@mail.ru,Non-binary
jrushmare6h@google.com.au,Bigender
ehughlock6i@auda.org.au,Female
mdines6j@berkeley.edu,Non-binary
isommerled6k@ezinearticles.com,Non-binary
psowrah6l@xinhuanet.com,Polygender
acantero6m@drupal.org,Bigender
bhessel6n@amazon.co.uk,Non-binary
azannotti6o@biblegateway.com,Polygender
apriddis6p@whitehouse.gov,Non-binary
rseer6q@ft.com,Non-binary
askermer6r@histats.com,Genderfluid
fbleby6s@csmonitor.com,Polygender
hpavlovsky6t@about.me,Genderqueer
mpetticrew6u@odnoklassniki.ru,Genderqueer
gbracco6v@dailymotion.com,Non-binary
jheeran6w@ucla.edu,Bigender
mdeeney6x@yandex.ru,Bigender
jantonellini6y@state.tx.us,Male
bclement6z@elpais.com,Female
alaviss70@msu.edu,Genderfluid
fjoselovitch71@dmoz.org,Male
apincott72@privacy.gov.au,Genderqueer
dgealy73@yahoo.com,Non-binary
gdavidsohn74@163.com,Genderfluid
jmacieiczyk75@multiply.com,Bigender
cleythley76@ed.gov,Genderfluid
pwarr77@marketwatch.com,Genderqueer
fhalse78@army.mil,Female
abaraclough79@networksolutions.com,Bigender
cmaltby7a@chronoengine.com,Agender
aballintyne7b@state.gov,Agender
agligori7c@mtv.com,Male
treichhardt7d@yahoo.co.jp,Male
cbrindle7e@springer.com,Female
smccard7f@theguardian.com,Male
mmcgilbon7g@sourceforge.net,Non-binary
nsyncke7h@telegraph.co.uk,Genderqueer
etwigge7i@jalbum.net,Genderqueer
fwinckworth7j@gov.uk,Genderfluid
reymer7k@w3.org,Polygender
gpimblott7l@e-recht24.de,Bigender
hroyce7m@123-reg.co.uk,Genderqueer
hdurrance7n@alexa.com,Female
glorkins7o@yolasite.com,Non-binary
mdrain7p@amazon.com,Polygender
dioannou7q@princeton.edu,Genderfluid
ymacaskill7r@disqus.com,Genderqueer
cmacturlough7s@bloglovin.com,Female
bcovil7t@last.fm,Bigender
nspreull7u@ask.com,Genderqueer
jmulqueeny7v@hugedomains.com,Male
kabrahams7w@mozilla.org,Polygender
cbunclark7x@rediff.com,Genderqueer
igrogan7y@gnu.org,Female
mbaum7z@pbs.org,Female
cnarracott80@woothemes.com,Bigender
fgoodrich81@wordpress.org,Male
ncrouch82@shareasale.com,Genderfluid
kbutterfield83@youtu.be,Genderfluid
gsmewings84@nbcnews.com,Female
caldrin85@cargocollective.com,Polygender
kmarkushkin86@ted.com,Non-binary
pallsobrook87@taobao.com,Genderqueer
knoods88@deviantart.com,Non-binary
plinning89@theglobeandmail.com,Non-binary
mbarfield8a@etsy.com,Male
eelldred8b@slate.com,Polygender
rfrederick8c@psu.edu,Male
sbaynom8d@senate.gov,Genderfluid
mgiordano8e@forbes.com,Agender
thinckesman8f@wunderground.com,Bigender
lcord8g@businessweek.com,Male
shightown8h@scientificamerican.com,Non-binary
bsobey8i@deliciousdays.com,Female
grainy8j@accuweather.com,Genderfluid
rmacaskill8k@cargocollective.com,Polygender
dcrawley8l@taobao.com,Bigender
gdelea8m@netvibes.com,Non-binary
gmeyer8n@irs.gov,Genderfluid
stander8o@wikispaces.com,Male
gboeck8p@msu.edu,Genderfluid
tsilk8q@tripod.com,Genderqueer
aorwell8r@fotki.com,Female
apalleske8s@sakura.ne.jp,Bigender
klafford8t@china.com.cn,Female
iketteridge8u@zimbio.com,Genderfluid
chaye8v@comsenz.com,Agender
gives8w@clickbank.net,Genderqueer
emacenzy8x@goo.gl,Male
lyesichev8y@fastcompany.com,Bigender
kpetto8z@gnu.org,Male
cashleigh90@goo.gl,Bigender
ftatnell91@csmonitor.com,Male
kstood92@wix.com,Bigender
stomczykowski93@php.net,Agender
mmcdavid94@e-recht24.de,Bigender
ldoogan95@washingtonpost.com,Polygender
lreneke96@upenn.edu,Genderqueer
tbeseke97@wikispaces.com,Male
dstirzaker98@sun.com,Polygender
sglason99@ihg.com,Genderqueer
ppryer9a@yolasite.com,Agender
opoel9b@google.co.jp,Genderqueer
mmallett9c@odnoklassniki.ru,Male
gshoulders9d@samsung.com,Agender
abraunds9e@spiegel.de,Agender
pbraban9f@umn.edu,Non-binary
fruthen9g@constantcontact.com,Bigender
jbugler9h@ftc.gov,Polygender
ccaines9i@senate.gov,Genderfluid
tpoints9j@fema.gov,Polygender
swakeman9k@apple.com,Female
mmathely9l@marketwatch.com,Male
fbedlington9m@nsw.gov.au,Female
hwatting9n@dailymail.co.uk,Female
pfitzhenry9o@parallels.com,Non-binary
gmckellar9p@miibeian.gov.cn,Agender
irubinowitch9q@zimbio.com,Genderqueer
kclogg9r@qq.com,Polygender
kkettlesing9s@qq.com,Non-binary
hculter9t@virginia.edu,Genderfluid
pkonmann9u@webnode.com,Male
aruben9v@howstuffworks.com,Non-binary
jcreaser9w@thetimes.co.uk,Female
rcarik9x@virginia.edu,Female
sduell9y@tripod.com,Male
tfayne9z@dion.ne.jp,Genderqueer
isimona0@google.es,Non-binary
tbouchera1@geocities.jp,Agender
chealya2@sitemeter.com,Male
amcmenamya3@xrea.com,Bigender
ljopkea4@diigo.com,Bigender
tseegera5@irs.gov,Bigender
bevequea6@usda.gov,Bigender
ahorsleya7@yahoo.com,Male
ccaila8@pen.io,Agender
hpiatkowskia9@tumblr.com,Male
bsultanaaa@slashdot.org,Female
ddimitriouab@shutterfly.com,Genderqueer
ddownhamac@phoca.cz,Non-binary
gmcarthurad@theguardian.com,Polygender
sstitcherae@nih.gov,Polygender
kjenksaf@spotify.com,Genderqueer
bdoxeyag@state.gov,Polygender
lstoakleyah@163.com,Genderqueer
tburnyeatai@ocn.ne.jp,Female
mstockportaj@studiopress.com,Genderqueer
aredgraveak@ucoz.ru,Non-binary
dgarrawayal@cbsnews.com,Non-binary
sgonzalvoam@chronoengine.com,Genderfluid
psyddiean@geocities.jp,Genderqueer
hmcdermottrowao@arizona.edu,Genderqueer
bscintsburyap@indiegogo.com,Agender
rhearleyaq@1688.com,Non-binary
lledrunar@bloglines.com,Female
acalverleyas@wikispaces.com,Genderfluid
dezzyat@tumblr.com,Genderfluid
emingusau@wikipedia.org,Bigender
blaugaav@miitbeian.gov.cn,Genderfluid
ldayaw@amazonaws.com,Non-binary
dgrabertax@china.com.cn,Bigender
csulleyay@squidoo.com,Male
rmacknessaz@quantcast.com,Polygender
tlaughtonb0@github.com,Genderfluid
rgeffeb1@goo.ne.jp,Agender
mkildeab2@flickr.com,Male
apannamanb3@apache.org,Non-binary
vrockhallb4@trellian.com,Non-binary
alegganb5@slate.com,Non-binary
ablaszczynskib6@facebook.com,Genderfluid
dlaurenzib7@google.it,Male
jheseyb8@huffingtonpost.com,Female
rstoyleb9@newsvine.com,Agender
tlyndeba@ucsd.edu,Bigender
dvelasquezbb@weather.com,Bigender
apeertbc@wikipedia.org,Female
gbarringerbd@boston.com,Genderfluid
deaklebe@paginegialle.it,Genderqueer
wbresnerbf@rediff.com,Non-binary
rcharerbg@imageshack.us,Genderqueer
rlandonbh@uiuc.edu,Agender
cglindebi@sun.com,Genderqueer
ylittonbj@arizona.edu,Non-binary
dhearonbk@vimeo.com,Non-binary
rgarrouldbl@oakley.com,Bigender
bshakesbybm@parallels.com,Genderfluid
cgyorffybn@statcounter.com,Bigender
jhowarthbo@ustream.tv,Genderqueer
rplayhillbp@tinyurl.com,Genderqueer
ihaggidonbq@purevolume.com,Polygender
awaltersbr@weather.com,Agender
cpashanbs@feedburner.com,Female
vaynoldbt@technorati.com,Male
dfleybu@bbc.co.uk,Male
bollerbv@slate.com,Female
joehmebw@spotify.com,Male
gdilgarnobx@independent.co.uk,Agender
atibaldby@nature.com,Female
abroschkebz@nih.gov,Female
ldonic0@acquirethisname.com,Bigender
gklimkoc1@google.ru,Male
lmacaric2@e-recht24.de,Genderqueer
cbostonc3@goodreads.com,Bigender
kwallingc4@de.vu,Genderfluid
lroffc5@constantcontact.com,Non-binary
mgovesc6@twitpic.com,Non-binary
kmucklestonec7@opera.com,Agender
gmuscroftc8@fotki.com,Polygender
epoulsumc9@apple.com,Non-binary
lbartlettca@deviantart.com,Agender
pbrettonercb@bigcartel.com,Genderqueer
cmuskercc@dyndns.org,Non-binary
omullardcd@ftc.gov,Genderqueer
ihanningce@blogs.com,Agender
ahundalcf@acquirethisname.com,Male
jbrycecg@opensource.org,Polygender
dwinnych@reuters.com,Agender
vwinscombci@canalblog.com,Bigender
jgossingtoncj@howstuffworks.com,Genderfluid
tbridgestockck@walmart.com,Polygender
kbeddercl@ucla.edu,Polygender
kbreachercm@wufoo.com,Bigender
fmayheadcn@prweb.com,Female
wskuleco@creativecommons.org,Bigender
serangycp@opera.com,Female
cjoslingcq@g.co,Genderqueer
vvestcr@umn.edu,Polygender
rveverscs@sogou.com,Genderfluid
jsallerct@trellian.com,Genderqueer
hettritchcu@slashdot.org,Male
tfutchercv@latimes.com,Genderqueer
atenbycw@reuters.com,Polygender
sdavenhallcx@dyndns.org,Polygender
lcurleycy@livejournal.com,Agender
zpruecz@census.gov,Non-binary
dhamnettd0@51.la,Polygender
tbrothertond1@github.io,Agender
morrittd2@lycos.com,Male
mleydond3@t-online.de,Non-binary
vcontid4@nba.com,Bigender
mpykermand5@blog.com,Genderfluid
ebiskupekd6@aboutads.info,Genderfluid
aheitond7@disqus.com,Polygender
lvonsalzbergd8@mashable.com,Male
tthiemed9@tripadvisor.com,Male
msuddabyda@wordpress.com,Genderfluid
ttonbridgedb@bbb.org,Female
yarnettdc@wordpress.org,Female
bkohnendd@apple.com,Female
dloncasterde@netvibes.com,Non-binary
eolifauntdf@hao123.com,Agender
hlangtrydg@marketwatch.com,Male
rradbornedh@constantcontact.com,Female
fpimleydi@aol.com,Genderqueer
weuelsdj@washingtonpost.com,Male
cprandinidk@squarespace.com,Genderqueer
arichdl@ft.com,Male
bahlindm@yellowpages.com,Polygender
bscardifielddn@barnesandnoble.com,Agender
mscurrahdo@ebay.co.uk,Polygender
mfloresdp@jalbum.net,Male
xleggondq@adobe.com,Polygender
htregenzadr@multiply.com,Polygender
gsteelsds@tripadvisor.com,Polygender
fjoyedt@nbcnews.com,Bigender
glehemanndu@sogou.com,Polygender
vmatthewsdv@disqus.com,Non-binary
rbacksdw@live.com,Polygender
elamanbydx@un.org,Agender
astockendy@bizjournals.com,Polygender
fkirtlandz@storify.com,Genderqueer
dsweedlande0@rambler.ru,Bigender
tsarjente1@sun.com,Non-binary
csebastiane2@prnewswire.com,Male
nmccrystale3@gizmodo.com,Genderfluid
igemsone4@hud.gov,Genderfluid
jsenussie5@plala.or.jp,Genderfluid
kingalle6@shinystat.com,Male
abysakere7@wired.com,Male
clefwiche8@dedecms.com,Genderqueer
amacmycheme9@myspace.com,Female
mhaxbieea@mlb.com,Genderfluid
fcoxheadeb@hugedomains.com,Male
ksomertonec@slideshare.net,Female
rhrishanoked@php.net,Genderfluid
hsansamee@phoca.cz,Agender
jcurryeref@wikimedia.org,Male
hpattilloeg@princeton.edu,Polygender
fliggetteh@behance.net,Genderqueer
ggrunbaumei@usgs.gov,Bigender
ntrattlesej@msn.com,Agender
jheadonek@seesaa.net,Non-binary
mphairel@mozilla.com,Agender
wmilhenchem@howstuffworks.com,Agender
wrahillen@biglobe.ne.jp,Bigender
lkneafseyeo@nytimes.com,Genderfluid
mlakinep@goodreads.com,Genderfluid
tleatharteq@wikia.com,Male
rwaddamer@nih.gov,Genderqueer
mhamberstones@engadget.com,Agender
aisakowiczet@behance.net,Female
sbuddeneu@purevolume.com,Polygender
ochurchinev@yellowbook.com,Genderfluid
adefilippoew@lulu.com,Non-binary
memmattex@spiegel.de,Bigender
asabatiniey@google.it,Genderfluid
rbilliardez@nationalgeographic.com,Genderfluid
hbleacklyf0@nifty.com,Agender
btitteringtonf1@ibm.com,Female
tcomarf2@loc.gov,Non-binary
djusthamf3@odnoklassniki.ru,Genderqueer
clealf4@mozilla.com,Bigender
swaithf5@de.vu,Male
hduignanf6@themeforest.net,Bigender
eharbachf7@upenn.edu,Non-binary
dgerglerf8@fema.gov,Genderfluid
kdederichf9@archive.org,Polygender
jchermfa@jimdo.com,Bigender
igodsafefb@fastcompany.com,Agender
gbellowfc@networkadvertising.org,Polygender
fduttfd@angelfire.com,Non-binary
lgreavesfe@geocities.jp,Genderqueer
cshafeff@surveymonkey.com,Female
jgatheralfg@hc360.com,Bigender
dwaitfh@cdc.gov,Polygender
jrabbittfi@cloudflare.com,Genderqueer
gstirlingfj@flickr.com,Non-binary
cbampkinfk@bbb.org,Genderfluid
cfranzolifl@ezinearticles.com,Genderfluid
gllewellenfm@statcounter.com,Polygender
jpaddisonfn@odnoklassniki.ru,Male
vhasleyfo@fema.gov,Female
awaszczykowskifp@wikia.com,Bigender
calthropfq@princeton.edu,Genderqueer
sbalharryfr@redcross.org,Female
ghucknallfs@pbs.org,Female
splewsft@booking.com,Polygender
aallensonfu@hugedomains.com,Female
gsparhawkfv@flavors.me,Polygender
mdowdellfw@dmoz.org,Non-binary
dhutonfx@utexas.edu,Bigender
tflynnfy@hatena.ne.jp,Agender
lminetfz@abc.net.au,Female
hruzicg0@msn.com,Male
bgrindleyg1@unesco.org,Agender
aconveryg2@scribd.com,Non-binary
dpullingerg3@ycombinator.com,Polygender
rrobbeyg4@cpanel.net,Polygender
nmacarig5@unblog.fr,Agender
sscandredg6@nyu.edu,Bigender
gdonetg7@harvard.edu,Female
cchaplyng8@imgur.com,Male
gkirkeg9@zimbio.com,Genderqueer
tbriggsga@vistaprint.com,Female
ezanolligb@oakley.com,Female
vfoldesgc@qq.com,Polygender
lrandgd@fda.gov,Polygender
moflynnge@soup.io,Female
ctonbyegf@1und1.de,Agender
ahaggartgg@howstuffworks.com,Genderfluid
bcordaroygh@google.cn,Genderfluid
aboerdergi@instagram.com,Male
etonkinsongj@ebay.co.uk,Non-binary
jworkmangk@delicious.com,Agender
dvanoortgl@storify.com,Bigender
ajuzekgm@flickr.com,Non-binary
nsetchellgn@about.com,Polygender
ujacobssengo@bbc.co.uk,Genderqueer
dgrellisgp@ihg.com,Female
dtrowgq@dyndns.org,Male
stissiergr@goo.gl,Genderfluid
javramovichgs@merriam-webster.com,Genderqueer
bbillettgt@hp.com,Genderqueer
dspuriergu@livejournal.com,Bigender
gmothgv@sourceforge.net,Genderqueer
akenyongw@goodreads.com,Genderfluid
pdonnisongx@blog.com,Bigender
vwoolvingy@tmall.com,Male
cdoleygz@discovery.com,Male
ctrewekeh0@businesswire.com,Agender
pborgarsh1@squarespace.com,Polygender
vomarah2@cargocollective.com,Non-binary
dhindshawh3@ifeng.com,Genderqueer
mponteh4@hexun.com,Female
stheodorish5@prnewswire.com,Genderqueer
ringonh6@chicagotribune.com,Non-binary
abernasekh7@mtv.com,Non-binary
blongegah8@theatlantic.com,Agender
nhellenh9@prlog.org,Agender
gtinceyha@cisco.com,Bigender
lklehynhb@wikimedia.org,Polygender
kmcluckyhc@artisteer.com,Genderqueer
rrivalandhd@hugedomains.com,Non-binary
bfellonahe@europa.eu,Bigender
agonsalvohf@amazon.co.jp,Genderqueer
amaccartneyhg@digg.com,Agender
isingershh@nbcnews.com,Bigender
saltyhi@ning.com,Genderqueer
aduranthj@unesco.org,Genderqueer
dbakhrushkinhk@nasa.gov,Polygender
mmiliffehl@si.edu,Agender
wtitmarshhm@aboutads.info,Agender
jcockneyhn@reddit.com,Polygender
hcressarho@pen.io,Non-binary
gannetthp@nbcnews.com,Bigender
kguillemhq@reference.com,Male
rkerswellhr@drupal.org,Agender
dvitallhs@yolasite.com,Bigender
djemmettht@shop-pro.jp,Female
ddriuzzihu@sohu.com,Polygender
icawkerhv@uol.com.br,Genderfluid
mharrismithhw@phoca.cz,Polygender
jselewayhx@nyu.edu,Genderqueer
rboggonhy@hc360.com,Polygender
caddisonhz@samsung.com,Agender
klydsteri0@opera.com,Female
fduchesnei1@sphinn.com,Genderfluid
csollomi2@mapy.cz,Genderfluid
sbaitsoni3@hubpages.com,Genderqueer
tgronoui4@4shared.com,Male
vhelixi5@npr.org,Agender
jkunnekei6@cafepress.com,Polygender
vfallawei7@home.pl,Bigender
abruckshawi8@blinklist.com,Genderqueer
cfiguresi9@hugedomains.com,Male
mhuglandia@sitemeter.com,Polygender
sblondellib@europa.eu,Female
nwilcockesic@eepurl.com,Female
pbuieid@wordpress.org,Agender
dhoustonie@google.com.br,Genderfluid
fbartelsif@skype.com,Female
mmacdunlevyig@hugedomains.com,Bigender
nheindleih@facebook.com,Polygender
groskrugii@mac.com,Female
mkneaphseyij@eepurl.com,Agender
camesburyik@usa.gov,Non-binary
jrubegail@bloglovin.com,Polygender
psuttillim@va.gov,Polygender
lmaylingin@vistaprint.com,Genderqueer
ksallisio@naver.com,Non-binary
dstrainip@slashdot.org,Male
smealeiq@wp.com,Polygender
kbradtkeir@myspace.com,Bigender
otreenis@cnbc.com,Female
jpickfordit@typepad.com,Non-binary
dgardeniu@usatoday.com,Non-binary
froysoniv@webeden.co.uk,Agender
ccoweuppeiw@constantcontact.com,Genderqueer
lstrawix@networksolutions.com,Agender
pchritchleyiy@twitter.com,Genderqueer
ledgerleyiz@cafepress.com,Polygender
afellsj0@squarespace.com,Polygender
vbosdetj1@free.fr,Non-binary
adelwaterj2@parallels.com,Agender
cwordsworthj3@skype.com,Male
elodej4@yolasite.com,Female
ckrishtopaittisj5@home.pl,Female
ebradburyj6@biglobe.ne.jp,Male
fmcmichanj7@amazon.de,Non-binary
ccramj8@blogtalkradio.com,Genderqueer
abrownseyj9@umich.edu,Polygender
mbaeldeja@spiegel.de,Non-binary
mhundayjb@who.int,Genderqueer
jtrettjc@bing.com,Female
rbeetonjd@feedburner.com,Male
nwatmanje@washingtonpost.com,Agender
fspellecyjf@imgur.com,Polygender
bkuhntjg@slate.com,Male
zparvinjh@typepad.com,Agender
cgeraldji@sitemeter.com,Bigender
ishearmanjj@joomla.org,Genderqueer
xgunsonjk@paypal.com,Male
wkivitsjl@un.org,Male
msprayjm@booking.com,Agender
saickinjn@nps.gov,Non-binary
cpietersjo@wired.com,Non-binary
khammerstonejp@gov.uk,Bigender
nwhitnelljq@mapquest.com,Genderqueer
ztebbjr@kickstarter.com,Agender
wlillimanjs@shutterfly.com,Genderqueer
vsillsjt@webs.com,Agender
mgreenhillju@jugem.jp,Female
bashlingjv@cdbaby.com,Polygender
egaddesbyjw@macromedia.com,Agender
tdarkerjx@tiny.cc,Polygender
pheskinjy@people.com.cn,Genderfluid
pfeatonbyjz@odnoklassniki.ru,Non-binary
kkohnk0@time.com,Non-binary
lodohertyk1@twitter.com,Polygender
mcleyburnk2@soup.io,Genderqueer
bdambrosik3@is.gd,Female
jeskriggk4@cdc.gov,Non-binary
bcameronk5@people.com.cn,Non-binary
ostollerk6@nifty.com,Polygender
epeakek7@mozilla.org,Agender
lbillesk8@kickstarter.com,Non-binary
tdimitriadesk9@microsoft.com,Genderqueer
mriddingka@ning.com,Non-binary
ndallistonkb@cbslocal.com,Agender
pmaccaugheykc@shareasale.com,Genderqueer
lcanariokd@unc.edu,Non-binary
mkemmerke@unicef.org,Non-binary
dbelverstonekf@about.me,Genderqueer
bleonkg@ucla.edu,Genderfluid
igaineofenglandkh@bing.com,Non-binary
fpotierki@nationalgeographic.com,Female
lmerrettkj@cam.ac.uk,Female
gifflandkk@ezinearticles.com,Genderfluid
sandrickl@barnesandnoble.com,Agender
khandslipkm@who.int,Non-binary
ajaggikn@yahoo.co.jp,Polygender
adentithko@businessinsider.com,Non-binary
jmackledenkp@cafepress.com,Female
jdufaurkq@squarespace.com,Genderfluid
lmcquillinkr@gravatar.com,Female
clidgelyks@webmd.com,Genderfluid
estarmerkt@studiopress.com,Bigender
cqueripelku@wikimedia.org,Male
kbeldankv@youtube.com,Polygender
rseabrockekw@ameblo.jp,Male
emorkx@wikia.com,Bigender
fbachelorky@example.com,Genderqueer
egronoukz@gnu.org,Non-binary
jflookl0@seesaa.net,Polygender
fhaquardl1@nymag.com,Agender
hbelchamberl2@buzzfeed.com,Male
cmckiml3@google.com.br,Genderqueer
iverel4@google.ru,Genderqueer
oobradanel5@wordpress.org,Female
osteningl6@goodreads.com,Agender
rfossettl7@histats.com,Male
triccettil8@discuz.net,Genderqueer
aspaxmanl9@icq.com,Male
fchaplainla@cmu.edu,Non-binary
mmaxwailelb@clickbank.net,Female
ilukerlc@bbb.org,Non-binary
rgogayld@marriott.com,Polygender
kduncansonle@ucoz.com,Bigender
ktreebylf@dion.ne.jp,Genderqueer
tlethemlg@umn.edu,Agender
pbrownhilllh@acquirethisname.com,Polygender
rhorleyli@elpais.com,Genderfluid
rlaymanlj@dropbox.com,Bigender
abrimacombelk@reference.com,Polygender
mmathwinll@mysql.com,Bigender
alosemannlm@xrea.com,Female
jbensonln@mtv.com,Polygender
aarmsdenlo@slashdot.org,Genderfluid
bclohessylp@sun.com,Female
kvicelq@typepad.com,Agender
ghambrightlr@moonfruit.com,Bigender
mdubockls@oracle.com,Polygender
mallisonlt@scribd.com,Genderqueer
emerrienlu@prlog.org,Genderfluid
fsalwaylv@cmu.edu,Genderqueer
gtreffrylw@instagram.com,Female
sfeatherstonelx@kickstarter.com,Agender
hlardnerly@fc2.com,Non-binary
ablondelllz@nyu.edu,Agender
bchiverstonem0@slate.com,Male
mthrasherm1@w3.org,Genderfluid
smandersonm2@shutterfly.com,Genderqueer
mkalkofenm3@wiley.com,Female
bbroekm4@sina.com.cn,Polygender
hdoeym5@drupal.org,Male
cwetwoodm6@timesonline.co.uk,Female
ecatlowm7@pcworld.com,Bigender
msleitem8@sogou.com,Genderfluid
drattenberiem9@rambler.ru,Genderfluid
gsherewoodma@bing.com,Polygender
smaloneymb@sourceforge.net,Genderfluid
dmaulinmc@360.cn,Non-binary
aweardenmd@yandex.ru,Non-binary
wbendingme@bluehost.com,Non-binary
lgrattagemf@zimbio.com,Bigender
kclemettmg@addtoany.com,Bigender
amacgillreichmh@example.com,Agender
zcowardmi@1688.com,Non-binary
wridewoodmj@house.gov,Polygender
aaleswellmk@g.co,Male
rfaraganml@ucsd.edu,Bigender
hcoopemm@is.gd,Agender
hcarwithimmn@cbsnews.com,Genderqueer
galywenmo@unc.edu,Female
benevoldmp@wikispaces.com,Polygender
kminchellmq@usatoday.com,Non-binary
bvazquezmr@hhs.gov,Polygender
blavistems@engadget.com,Genderqueer
brixmt@usgs.gov,Genderqueer
jphearmu@comcast.net,Genderfluid
gyeskovmv@salon.com,Female
rkiellormw@unicef.org,Agender
vbrawnmx@lycos.com,Genderqueer
pnewcombemy@a8.net,Non-binary
ihauckemz@feedburner.com,Genderfluid
whefferonn0@amazon.de,Non-binary
lleetn1@ifeng.com,Bigender
tpeppern2@earthlink.net,Polygender
dosemann3@seesaa.net,Non-binary
ffranyn4@storify.com,Male
anairen5@omniture.com,Male
mweymann6@ucoz.com,Non-binary
bhofnern7@blog.com,Polygender
dbelfieldn8@cornell.edu,Agender
rcorlessn9@fotki.com,Genderqueer
kbarrimna@earthlink.net,Non-binary
mhuggannb@mayoclinic.com,Genderqueer
kshafiernc@posterous.com,Female
ejephsonnd@eepurl.com,Polygender
sakersne@altervista.org,Bigender
upaddonnf@barnesandnoble.com,Genderfluid
bmounseyng@yahoo.com,Male
gpoonenh@uol.com.br,Genderqueer
kloughneyni@umich.edu,Genderfluid
kkwietaknj@barnesandnoble.com,Genderfluid
aceschinink@dmoz.org,Male
cbowmannl@foxnews.com,Non-binary
plangcastlenm@de.vu,Agender
sprosenn@blogtalkradio.com,Agender
tscadeno@cnbc.com,Genderqueer
jfearnnp@comcast.net,Genderqueer
ehembernq@dagondesign.com,Female
knorvalnr@comcast.net,Genderqueer
mcraykns@wufoo.com,Non-binary
gbrakernt@tuttocitta.it,Polygender
kcainesnu@opensource.org,Polygender
aharfordnv@archive.org,Female
ghantuschnw@posterous.com,Male
acarnownx@gmpg.org,Female
bsowoodny@cnn.com,Polygender
nhubynz@opensource.org,Polygender
cbrougho0@ovh.net,Genderfluid
shingeo1@alibaba.com,Male
kprendivilleo2@smugmug.com,Polygender
abooko3@example.com,Polygender
cjoano4@biglobe.ne.jp,Genderfluid
bhattricko5@usda.gov,Genderfluid
mdebelliso6@latimes.com,Polygender
rwaltono7@skyrock.com,Agender
cspringtorpo8@usatoday.com,Agender
mpannamano9@myspace.com,Female
doganianoa@istockphoto.com,Male
egiorgioniob@hp.com,Agender
dmacclenanoc@yellowpages.com,Non-binary
fwarkeod@google.de,Agender
mlaurenzoe@liveinternet.ru,Agender
dwarrickof@sun.com,Non-binary
ckleuerog@bing.com,Polygender
aronnayoh@tamu.edu,Bigender
gguyeoi@cnbc.com,Agender
osprakeoj@goodreads.com,Agender
zcrippellok@google.fr,Agender
kwaisonol@surveymonkey.com,Genderqueer
bmaystoneom@phpbb.com,Female
nsacheron@booking.com,Polygender
elewensoo@dion.ne.jp,Bigender
acorderyop@princeton.edu,Genderfluid
breckusoq@hexun.com,Genderfluid
pchristmasor@sourceforge.net,Bigender
ekeppyos@thetimes.co.uk,Female
nconenot@com.com,Bigender
mgribbellou@wordpress.com,Genderqueer
dstoppeov@google.com.hk,Polygender
mpurleow@craigslist.org,Agender
nipplettox@wisc.edu,Male
ifalkneroy@amazonaws.com,Female
wlevenoz@nbcnews.com,Female
mwickendenp0@netscape.com,Genderqueer
kdymottp1@topsy.com,Genderqueer
cseagrovep2@fotki.com,Female
rjordisonp3@icio.us,Polygender
acarlinop4@opera.com,Polygender
nserraillierp5@ycombinator.com,Bigender
rfruchterp6@constantcontact.com,Female
rchisnallp7@ucoz.ru,Female
lwillbrahamp8@mac.com,Bigender
cbinleyp9@tamu.edu,Bigender
pphilipsonpa@vkontakte.ru,Polygender
wgegaypb@flavors.me,Genderfluid
cnanellipc@behance.net,Agender
charnesspd@google.de,Agender
cjeannotpe@flavors.me,Genderfluid
rcummingspf@slate.com,Genderqueer
fhatrypg@uiuc.edu,Genderqueer
aeckartph@instagram.com,Polygender
gsturmeypi@joomla.org,Genderfluid
acalafatepj@illinois.edu,Bigender
mbednallpk@independent.co.uk,Polygender
dhayseypl@angelfire.com,Non-binary
ncutajarpm@de.vu,Non-binary
cwalshpn@yellowpages.com,Female
llatliffpo@hibu.com,Agender
wgarbarpp@aol.com,Bigender
zduckinfieldpq@dailymail.co.uk,Bigender
osackspr@dailymail.co.uk,Male
mlillowps@symantec.com,Female
abuckettpt@studiopress.com,Agender
abarhimspu@dailymail.co.uk,Genderqueer
tballardpv@joomla.org,Female
ratheispw@unc.edu,Genderqueer
ckocherpx@bizjournals.com,Bigender
sfleemanpy@microsoft.com,Bigender
lchippendalepz@ted.com,Agender
rbrenstonq0@nsw.gov.au,Male
mjoanaudq1@shop-pro.jp,Female
jbartelsq2@miitbeian.gov.cn,Genderfluid
egelderq3@cbsnews.com,Genderqueer
elorkingq4@tamu.edu,Non-binary
rbugbeeq5@exblog.jp,Polygender
pmaitlandq6@whitehouse.gov,Female
mcroysdaleq7@smh.com.au,Female
awordsleyq8@livejournal.com,Male
tadamouq9@pcworld.com,Non-binary
ggyorffyqa@bing.com,Agender
tgooldqb@bloglines.com,Bigender
lspandleyqc@over-blog.com,Agender
bmccrackanqd@myspace.com,Bigender
jfigiovanniqe@bbb.org,Genderfluid
rbeiderbeckqf@go.com,Genderfluid
mwhitfeldqg@webmd.com,Bigender
pwetherellqh@ocn.ne.jp,Genderqueer
vgillinghamqi@nih.gov,Agender
vrylstoneqj@homestead.com,Female
fdankqk@tuttocitta.it,Non-binary
nfassbindlerql@netscape.com,Bigender
mjohannessonqm@wikia.com,Non-binary
cpancoustqn@amazon.de,Male
bshoutqo@slate.com,Genderqueer
tvineqp@slate.com,Female
chinckesmanqq@ustream.tv,Bigender
scloneyqr@arstechnica.com,Bigender
pudaleqs@google.ca,Genderqueer
rboyingtonqt@yelp.com,Non-binary
rmcaughtriequ@wp.com,Agender
cfigliovanniqv@symantec.com,Genderqueer
kalkinsqw@youku.com,Female
lkinkadeqx@live.com,Bigender
lyouensqy@weebly.com,Non-binary
dshuttqz@nih.gov,Agender
dgubbinsr0@nih.gov,Male
rwhitebrookr1@angelfire.com,Bigender
fmacnaughtonr2@trellian.com,Genderqueer
jbeinischr3@wix.com,Bigender
lwesthoffr4@qq.com,Agender
klacaser5@cocolog-nifty.com,Polygender
istreetr6@bloomberg.com,Polygender
rsheerr7@gmpg.org,Genderqueer
wlyttler8@ifeng.com,Polygender
nniecer9@digg.com,Female
lborgera@bravesites.com,Non-binary
ayaakovrb@oracle.com,Non-binary
cplankrc@prweb.com,Genderfluid
bcarmodyrd@amazon.co.jp,Genderqueer
jkeneleysidere@bigcartel.com,Male
cdortonrf@sfgate.com,Genderfluid
jglasmanrg@smugmug.com,Genderqueer
wleclercqrh@163.com,Male
olightwingri@storify.com,Genderfluid
wkelcherrj@nymag.com,Agender
cvigoursrk@soundcloud.com,Genderqueer
sdivinarl@guardian.co.uk,Bigender
vsweeneyrm@phoca.cz,Agender
rdilletrn@miibeian.gov.cn,Male
msesonsro@cdc.gov,Polygender
cpieronirp@oracle.com,Female
lelietrq@delicious.com,Polygender
ctonnesenrr@oaic.gov.au,Female
